{"es": 0.012400402469202949, "wa": 0.005058058901911728, "ar": 0.006390558290049765, "ei": 0.02678595708808093, "in": 0.026568406167568597, "nm": 0.00019035705544829086, "ma": 0.0033720392679411526, "al": 0.00788622086857205, "ne": 0.016914584069833847, "em": 0.005275609822424061, "re": 0.013732901857340983, "ic": 0.01049683191472004, "ch": 0.030946618442879287, "we": 0.005465966877872352, "it": 0.00927310798683817, "ub": 0.0029097435618524463, "be": 0.009816985288119001, "er": 0.04516900987137302, "di": 0.01313463682593207, "ie": 0.022570908003154488, "hw": 0.001033366872433579, "te": 0.023033203709243194, "de": 0.028961466293204254, "ge": 0.017376879775922553, "ew": 0.0016588257689065346, "wo": 0.0014956625785222854, "oh": 0.0012509177929459115, "hn": 0.0011421423326897452, "nl": 0.0002991325157044571, "li": 0.0071791803769069695, "he": 0.013379381611508444, "en": 0.049302477361107336, "hi": 0.002719386506404155, "na": 0.004351018410246648, "au": 0.007913414733636092, "us": 0.004351018410246648, "rg": 0.0019035705544829086, "im": 0.0028281619666603213, "mm": 0.0014956625785222854, "me": 0.004351018410246648, "el": 0.008865200010877546, "ku": 0.0016316319038424932, "ss": 0.005003671171783646, "st": 0.011149484676257036, "un": 0.019253256465341418, "nd": 0.017077747260218094, "fl": 0.0006526527615369973, "lu": 0.0032632638076849864, "se": 0.01049683191472004, "ld": 0.002610611046147989, "rn": 0.002855355831724363, "ed": 0.0022298969352514074, "sa": 0.0023386723955075733, "an": 0.010469638049655998, "ng": 0.008130965654148423, "ga": 0.00157724417371441, "ab": 0.0019579582846109916, "ko": 0.004323824545182607, "on": 0.011067903081064912, "ni": 0.00560193620319256, "ig": 0.0056563239333206426, "gr": 0.0023930601256356566, "da": 0.004486987735566856, "as": 0.0055203546080004355, "fu": 0.0024746417208277812, "ur": 0.0069072417262665544, "hl": 0.0023930601256356566, "ls": 0.002855355831724363, "ta": 0.005710711663448726, "fr": 0.001278111658009953, "ri": 0.006988823321458679, "ek": 0.0014140809833301606, "ka": 0.002556223316019906, "nn": 0.0056563239333206426, "nt": 0.007478312892611427, "do": 0.0016860196339705763, "or": 0.005819487123704893, "ia": 0.0010605607374976206, "wu": 0.0020939276099311995, "rd": 0.0037799472439017756, "vo": 0.004704538656079189, "gu": 0.0011149484676257037, "ut": 0.001821988959290784, "ti": 0.005194028227231936, "gi": 0.0017947950942267424, "eg": 0.004269436815054524, "rt": 0.005329997552552144, "eb": 0.0019035705544829086, "bt": 0.0005982650314089142, "to": 0.0014140809833301606, "oc": 0.0010605607374976206, "ht": 0.006173007369537432, "ha": 0.005465966877872352, "at": 0.005846680988768934, "tt": 0.00280096810159628, "pr": 0.0019579582846109916, "nz": 0.0017947950942267424, "ze": 0.0033176515378130693, "si": 0.007043211051586762, "is": 0.009816985288119001, "so": 0.0033720392679411526, "ol": 0.003344845402877111, "mi": 0.00402469202947815, "aa": 8.158159519212466e-05, "wi": 0.004160661354798358, "sp": 0.0018763766894188672, "po": 0.0004622957060887064, "go": 0.00019035705544829086, "ug": 0.001087754602561662, "kl": 0.0011693361977537866, "la": 0.0029097435618524463, "kr": 0.00157724417371441, "ll": 0.00315448834742882, "lk": 0.00016316319038424932, "ee": 0.00019035705544829086, "ih": 0.0031272944823647784, "hr": 0.005819487123704893, "rs": 0.0037799472439017756, "nu": 0.002012346014739075, "sc": 0.012563565659587198, "ho": 0.0014956625785222854, "nh": 0.0005166834362167895, "uc": 0.0029369374269164875, "rf": 0.0013053055230739946, "fe": 0.003100100617300737, "ve": 0.004622957060887064, "rz": 0.0016860196339705763, "je": 0.0016588257689065346, "ns": 0.004514181600630897, "ts": 0.0019851521496750332, "rh": 0.0014684687134582438, "ue": 0.0019307644195469503, "up": 0.00013596932532020776, "pp": 0.0004079079759606233, "pi": 0.0013596932532020775, "ds": 0.0007342343567291219, "af": 0.0019851521496750332, "ft": 0.0024746417208277812, "ef": 0.0013053055230739946, "fa": 0.002012346014739075, "ah": 0.0029641312919805292, "vi": 0.0007614282217931635, "le": 0.008266934979468631, "nb": 0.0003807141108965817, "dr": 0.0005710711663448726, "ra": 0.0049492834416555625, "ac": 0.003399233133005194, "am": 0.002664998776276072, "ea": 0.0005166834362167895, "tu": 0.0013596932532020775, "du": 0.003045712887172654, "nk": 0.001278111658009953, "ke": 0.00421504908492644, "lh": 0.0006254588964729557, "tr": 0.0031272944823647784, "if": 0.000788622086857205, "rc": 0.0016860196339705763, "no": 0.0008702036820493297, "bl": 0.0007070404916650803, "zu": 0.004595763195823022, "uf": 0.002529029450955864, "hu": 0.0018491828243548255, "tz": 0.001821988959290784, "zt": 0.0005710711663448726, "ap": 0.0002991325157044571, "pf": 0.0011149484676257037, "ir": 0.003290457672749028, "ai": 0.0012237239278818698, "gl": 0.0009517852772414543, "ru": 0.00350800859326136, "kt": 0.0016044380387784515, "sy": 0.0006254588964729557, "ym": 0.00035352024583254016, "mb": 0.00035352024583254016, "bo": 0.0006526527615369973, "of": 0.0010061730073695375, "ff": 0.001522856443586327, "fn": 0.0004079079759606233, "rk": 0.0016588257689065346, "mu": 0.0008973975471133712, "ro": 0.0017404073640986594, "lo": 0.002121121474995241, "oy": 0.00024474478557637394, "ya": 0.00024474478557637394, "rl": 0.0013868871182661192, "mo": 0.0016316319038424932, "uh": 0.0009789791423054958, "ck": 0.0029641312919805292, "ks": 0.00035352024583254016, "ag": 0.002365866260571615, "ad": 0.0007070404916650803, "ob": 0.0006798466266010388, "za": 0.0008158159519212466, "id": 0.001332499388138036, "rb": 0.0012509177929459115, "tf": 0.0004622957060887064, "zw": 0.001087754602561662, "lt": 0.003834334974029859, "hm": 0.0009245914121774127, "mt": 0.0006798466266010388, "gs": 0.0007070404916650803, "tl": 0.0005166834362167895, "gn": 0.0005166834362167895, "um": 0.0027465803714681967, "fg": 0.00021755092051233243, "et": 0.0038071411089658173, "ez": 0.0002719386506404155, "gt": 0.0014140809833301606, "ot": 0.0008702036820493297, "io": 0.0026378049112120304, "os": 0.00157724417371441, "sf": 0.0006254588964729557, "fo": 0.0017404073640986594, "kn": 8.158159519212466e-05, "od": 0.0005166834362167895, "kb": 0.00016316319038424932, "br": 0.0010605607374976206, "rr": 0.001033366872433579, "bi": 0.0010605607374976206, "lb": 0.00043510184102466486, "qu": 0.0002719386506404155, "ba": 0.0011693361977537866, "eh": 0.002012346014739075, "mn": 0.00035352024583254016, "eu": 0.0019851521496750332, "ul": 0.0012237239278818698, "su": 0.0005166834362167895, "ln": 0.0004079079759606233, "hs": 0.0008702036820493297, "rm": 0.0011421423326897452, "ud": 0.0005710711663448726, "dl": 0.0004894895711527479, "lg": 0.0004622957060887064, "sl": 0.00019035705544829086, "mh": 0.00021755092051233243, "mp": 0.0015500503086503686, "bd": 8.158159519212466e-05, "nf": 0.0007342343567291219, "fi": 0.0008430098169852882, "fz": 8.158159519212466e-05, "bw": 8.158159519212466e-05, "bg": 0.00013596932532020776, "kk": 0.00013596932532020776, "hk": 0.00024474478557637394, "om": 0.001087754602561662, "lz": 0.00013596932532020776, "gk": 0.0006798466266010388, "op": 0.0005982650314089142, "iu": 0.00019035705544829086, "ph": 0.0002991325157044571, "il": 0.0017947950942267424, "eo": 0.00035352024583254016, "og": 0.0006254588964729557, "nw": 0.00021755092051233243, "rp": 0.00019035705544829086, "ex": 0.0015500503086503686, "xi": 0.00021755092051233243, "hb": 0.00024474478557637394, "ja": 0.000788622086857205, "sk": 0.0004622957060887064, "kg": 8.158159519212466e-05, "gb": 0.00013596932532020776, "iz": 0.0005166834362167895, "zi": 0.00157724417371441, "iw": 0.00016316319038424932, "xa": 0.0010061730073695375, "ow": 0.0009245914121774127, "ok": 0.0008702036820493297, "tg": 0.00021755092051233243, "hg": 0.00013596932532020776, "ki": 0.0002991325157044571, "ip": 0.0003807141108965817, "pe": 0.001332499388138036, "ib": 0.00024474478557637394, "md": 0.00016316319038424932, "hz": 0.00013596932532020776, "sh": 0.0002991325157044571, "ci": 0.00013596932532020776,