{"on": 0.015306122448979591, "nc": 0.0044365572315882874, "ce": 0.006728778467908903, "up": 0.0005915409642117716, "po": 0.0025140490979000296, "ti": 0.01020408163265306, "im": 0.002292221236320615, "me": 0.0053978112984324166, "in": 0.025658089322685596, "re": 0.01730257320319432, "ea": 0.009760425909494233, "al": 0.011461106181603077, "lm": 0.00044365572315882877, "fa": 0.001774622892635315, "ar": 0.009464655427388346, "be": 0.0054717539189588875, "ey": 0.002883762200532387, "yo": 0.0006654835847382431, "nd": 0.014270925761608991, "th": 0.04074238391008577, "he": 0.03423543330375629, "ac": 0.0070245489500147884, "ch": 0.006359065365276546, "of": 0.013975155279503106, "or": 0.012496302868973677, "rd": 0.002292221236320615, "di": 0.004140786749482402, "na": 0.005028098195800059, "ry": 0.004658385093167702, "wh": 0.0028098195800059155, "er": 0.019446909198461995, "mo": 0.003105590062111801, "ou": 0.00813368825791186, "un": 0.005323868677905945, "nt": 0.00857734398107069, "ta": 0.006359065365276546, "ai": 0.00354924578527063, "ns": 0.0048802129547471165, "ki": 0.0026619343389529724, "is": 0.012792073351079562, "ss": 0.0049541555752735875, "se": 0.005028098195800059, "ed": 0.012052647145814848, "sk": 0.000813368825791186, "ky": 0.00022182786157941438, "an": 0.01841171251109139, "ri": 0.008947057083703046, "iv": 0.002587991718426501, "ve": 0.009538598047914819, "rs": 0.00354924578527063, "sa": 0.0017006802721088435, "ng": 0.011756876663708962, "to": 0.00909494232475599, "fo": 0.003992901508429458, "es": 0.014270925761608991, "st": 0.012644188110026619, "ts": 0.003253475303164744, "wa": 0.005028098195800059, "as": 0.008873114463176575, "gd": 0.000813368825791186, "do": 0.0034753031647441583, "om": 0.004732327713694173, "en": 0.012496302868973677, "no": 0.0028098195800059155, "ow": 0.004288671990535345, "wn": 0.0015527950310559005, "ne": 0.006359065365276546, "it": 0.010056196391600119, "pr": 0.0026619343389529724, "ro": 0.0054717539189588875, "os": 0.0024401064773735583, "sp": 0.003105590062111801, "pe": 0.004214729370008873, "ty": 0.002292221236320615, "hi": 0.008355516119491275, "kn": 0.0011091393078970719, "el": 0.003918958887902987, "ld": 0.0048802129547471165, "ia": 0.0028098195800059155, "ru": 0.0015527950310559005, "ul": 0.0029577048210588583, "le": 0.011830819284235433, "by": 0.001774622892635315, "ev": 0.0026619343389529724, "vo": 0.00044365572315882877, "ol": 0.003179532682638273, "qu": 0.0011091393078970719, "ue": 0.0014788524105294291, "ee": 0.0027358769594794437, "ho": 0.00406684412895593, "ha": 0.008725229222123631, "ad": 0.0034753031647441583, "sh": 0.0026619343389529724, "da": 0.002292221236320615, "au": 0.0007394262052647146, "ug": 0.001626737651582372, "gh": 0.0028098195800059155, "ht": 0.0017006802721088435, "te": 0.008799171842650104, "so": 0.004806270334220645, "de": 0.007911860396332446, "wi": 0.004806270334220645, "ir": 0.006728778467908903, "li": 0.007172434191067731, "ik": 0.00044365572315882877, "ke": 0.001996450754214729, "pu": 0.0006654835847382431, "go": 0.0007394262052647146, "ye": 0.0011830819284235432, "cl": 0.001922508133688258, "cr": 0.0025140490979000296, "ys": 0.0011830819284235432, "la": 0.002883762200532387, "ak": 0.0008873114463176575, "at": 0.013753327417923691, "ot": 0.0030316474415853297, "tt": 0.000961254066844129, "ei": 0.0021443359952676723, "nl": 0.0006654835847382431, "ly": 0.0023661638568470865, "dm": 0.0001478852410529429, "mi": 0.004362614611061816, "ut": 0.0037710736468500442, "bu": 0.0018485655131617864, "ls": 0.0013309671694764862, "rp": 0.0003697131026323573, "rt": 0.0037710736468500442, "af": 0.0006654835847382431, "fe": 0.0017006802721088435, "et": 0.0049541555752735875, "ll": 0.004140786749482402, "lu": 0.002292221236320615, "us": 0.003179532682638273, "ds": 0.001922508133688258, "sc": 0.002587991718426501, "ca": 0.005175983436853002, "ap": 0.0017006802721088435, "ur": 0.006728778467908903, "rk": 0.0015527950310559005, "ge": 0.004362614611061816, "nk": 0.0002957704821058858, "ma": 0.004140786749482402, "ny": 0.0006654835847382431, "nh": 0.0001478852410529429, "ab": 0.0024401064773735583, "bi": 0.0011091393078970719, "dr": 0.0010351966873706005, "ra": 0.006580893226855959, "ag": 0.002587991718426501, "oa": 0.0005175983436853002, "ie": 0.005323868677905945, "tu": 0.0034753031647441583, "am": 0.0034753031647441583, "em": 0.005028098195800059, "ct": 0.003179532682638273, "ua": 0.00044365572315882877, "ec": 0.00406684412895593, "br": 0.0017006802721088435, "av": 0.0015527950310559005, "ni": 0.0044365572315882874, "ig": 0.002292221236320615, "si": 0.005028098195800059, "oo": 0.0012570245489500148, "od": 0.0010351966873706005, "va": 0.0014049097900029578, "rm": 0.0012570245489500148, "ef": 0.0010351966873706005, "fl": 0.00022182786157941438, "su": 0.0023661638568470865, "ay": 0.0017006802721088435, "sy": 0.000961254066844129, "ym": 0.0005915409642117716, "mb": 0.0014049097900029578, "bo": 0.001626737651582372, "op": 0.001996450754214729, "tr": 0.005915409642117717, "gt": 0.0005175983436853002, "eo": 0.0006654835847382431, "pl": 0.0028098195800059155, "co": 0.0070245489500147884, "nm": 0.0001478852410529429, "tc": 0.0002957704821058858, "lo": 0.003845016267376516, "oy": 0.0005915409642117716, "ya": 0.00022182786157941438, "lt": 0.0011091393078970719, "nw": 0.0005175983436853002, "eg": 0.0018485655131617864, "gi": 0.0013309671694764862, "rn": 0.002587991718426501, "if": 0.0011830819284235432, "ff": 0.000961254066844129, "fr": 0.0011091393078970719, "tl": 0.0011830819284235432, "we": 0.0027358769594794437, "wo": 0.0026619343389529724, "ov": 0.00406684412895593, "hr": 0.0013309671694764862, "rc": 0.0012570245489500148, "nv": 0.0003697131026323573, "vi": 0.0025140490979000296, "io": 0.0075421472937000885, "id": 0.0024401064773735583, "dn": 0.00022182786157941438, "pp": 0.0007394262052647146, "pi": 0.0025140490979000296, "rl": 0.0014788524105294291, "lw": 0.00022182786157941438, "ic": 0.005767524401064774, "ub": 0.00044365572315882877, "bj": 0.00022182786157941438, "je": 0.0005175983436853002, "pa": 0.0026619343389529724, "yz": 7.394262052647145e-05, "ze": 0.0006654835847382431, "mm": 0.0007394262052647146, "oi": 0.0005915409642117716, "cy": 0.0001478852410529429, "um": 0.0017006802721088435, "nu": 0.0005915409642117716, "cu": 0.0030316474415853297, "ui": 0.001626737651582372, "bt": 0.00022182786157941438, "vy": 0.0001478852410529429, "gr": 0.0023661638568470865, "lv": 0.0002957704821058858, "fi": 0.002292221236320615, "il": 0.0034753031647441583, "ba": 0.0012570245489500148, "ck": 0.0011830819284235432, "oe": 0.00022182786157941438, "ga": 0.003401360544217687, "fu": 0.0007394262052647146, "jo": 0.0010351966873706005, "ok": 0.000961254066844129, "wl": 0.0001478852410529429, "ci": 0.0033274179236912156, "mp": 0.003179532682638273, "pt": 0.0005915409642117716, "hw": 0.0001478852410529429, "sw": 0.0002957704821058858, "rg": 0.002070393374741201, "bl": 0.0021443359952676723, "rf": 7.394262052647145e-05, "iz": 0.0010351966873706005, "za": 0.0005175983436853002, "ft": 0.0005915409642117716, "ud": 0.00044365572315882877, "ws": 0.0002957704821058858, "ip": 0.0007394262052647146, "nb": 7.394262052647145e-05, "ew": 0.000961254066844129, "og": 0.000813368825791186, "eb": 0.0001478852410529429, "uc": 0.003105590062111801, "ib": 0.0005915409642117716, "dv": 0.0005915409642117716, "uf": 0.0001478852410529429, "yi": 0.00022182786157941438, "iu": 0.00022182786157941438, "ph": 0.0002957704821058858, "rr": 0.0006654835847382431, "ex": 0.00354924578527063, "xi": 0.0002957704821058858, "sb": 7.394262052647145e-05, "hu": 0.0005175983436853002, "kg": 7.394262052647145e-05, "gb": 7.394262052647145e-05, "xa": 7.394262052647145e-05, "ko": 0.0005175983436853002, "gn": 0.0003697131026323573, "hl": 0.00022182786157941438, "nf": 0.0003697131026323573, "nn": 0.0005915409642117716, "oj": 0.0001478852410529429, "sr": 7.394262052647145e-05, "ms": 0.0005175983436853002, "sg": 7.394262052647145e-05, "gu": 0.0010351966873706005,