{"by": 0.00616860863605209, "yl": 0.004797806716929404, "lo": 0.007996344528215673, "ne": 0.014164953164267764, "eb": 0.0018277358921635824, "ri": 0.00906252379864443, "is": 0.0052547406899703, "si": 0.005026273703449852, "da": 0.0049501180412763685, "al": 0.017439646637727516, "le": 0.011880283299063285, "ek": 0.003731627446500647, "ko": 0.0067778539334399516, "za": 0.006701698271266468, "hr": 0.0027416038382453737, "ra": 0.01233721727210418, "an": 0.009290990785164877, "ni": 0.016297311705125276, "ic": 0.008377122839083085, "ce": 0.008605589825603534, "em": 0.009976391744726221, "mi": 0.008300967176909603, "ob": 0.004569339730408956, "yc": 0.004036250095194578, "ej": 0.005407052014317264, "jn": 0.000761556621734826, "eh": 0.0060162973117051256, "ho": 0.010052547406899703, "kd": 0.002208514203030995, "de": 0.008300967176909603, "se": 0.0072347879064808465, "or": 0.0054832076764907475, "ry": 0.0039600944330210955, "do": 0.0062447642982255734, "ot": 0.003655471784327165, "ty": 0.0015992689056431345, "yk": 0.0004569339730408956, "ka": 0.0057116746630111945, "ly": 0.002817759500418856, "be": 0.00380778310867413, "re": 0.00883405681212398, "ky": 0.004036250095194578, "zp": 0.001523113243469652, "pi": 0.0014469575812961694, "iv": 0.003274693473459752, "va": 0.011042571015154977, "es": 0.005178585027796816, "su": 0.0008377122839083085, "um": 0.002436981189551443, "ex": 0.0019800472165105477, "xi": 0.0002284669865204478, "st": 0.020638184449013785, "to": 0.006549386946919504, "ov": 0.012261061609930698, "kr": 0.005102429365623334, "vs": 0.001675424567816617, "tv": 0.003655471784327165, "vi": 0.006930165257786916, "pr": 0.013631863529053385, "ro": 0.011956438961236769, "os": 0.007844033203868707, "sl": 0.002970070824765821, "lu": 0.002893915162592339, "ul": 0.001523113243469652, "sv": 0.00441702840606199, "vo": 0.0047216510547559215, "ou": 0.008453278501256569, "sp": 0.0031223821491127867, "pe": 0.004493184068235474, "er": 0.008986368136470947, "it": 0.0062447642982255734, "ir": 0.0041885614195415425, "zn": 0.003350849135633234, "na": 0.013936486177747315, "am": 0.004340872743888508, "me": 0.005026273703449852, "ja": 0.002817759500418856, "ak": 0.004569339730408956, "el": 0.00731094356865433, "ld": 0.001523113243469652, "ia": 0.0009138679460817912, "vl": 0.0009138679460817912, "la": 0.008910212474297465, "ad": 0.004340872743888508, "dl": 0.0014469575812961694, "br": 0.0015992689056431345, "ti": 0.008757901149950498, "vy": 0.007158632244307364, "vn": 0.002208514203030995, "kt": 0.0057116746630111945, "te": 0.015840377732084382, "li": 0.008681745487777016, "je": 0.009824080420379255, "ed": 0.006320919960399056, "dn": 0.002970070824765821, "nu": 0.0027416038382453737, "il": 0.005026273703449852, "no": 0.00822481151473612, "dc": 0.001675424567816617, "ru": 0.0047216510547559215, "in": 0.008453278501256569, "nc": 0.001903891554337065, "ez": 0.00616860863605209, "so": 0.003655471784327165, "ol": 0.0041885614195415425, "as": 0.003274693473459752, "sy": 0.001294646256949204, "en": 0.013555707866879903, "zl": 0.0008377122839083085, "at": 0.006092452973878608, "oc": 0.003427004797806717, "ci": 0.008910212474297465, "im": 0.004264717081715026, "ma": 0.00411240575736806, "ym": 0.0031223821491127867, "ta": 0.010052547406899703, "ze": 0.006092452973878608, "oz": 0.004873962379102886, "zk": 0.0017515802299900999, "kl": 0.001903891554337065, "po": 0.009214835122991394, "ji": 0.006549386946919504, "ch": 0.014317264488614728, "bd": 0.000380778310867413, "di": 0.0027416038382453737, "ke": 0.002893915162592339, "vu": 0.0012184905947757215, "uj": 0.002970070824765821, "ys": 0.001294646256949204, "tr": 0.00411240575736806, "zu": 0.001675424567816617, "sk": 0.003350849135633234, "av": 0.006092452973878608, "ve": 0.010052547406899703, "sr": 0.0012184905947757215, "rd": 0.0017515802299900999, "ec": 0.006092452973878608, "zd": 0.002970070824765821, "bu": 0.0009138679460817912, "ny": 0.005787830325184678, "aj": 0.002284669865204478, "nn": 0.0002284669865204478, "ut": 0.0014469575812961694, "ar": 0.00380778310867413, "ie": 0.001903891554337065, "ih": 0.0008377122839083085, "ha": 0.00205620287868403, "mn": 0.0018277358921635824, "oh": 0.0023608255273779607, "he": 0.0017515802299900999, "yv": 0.001142334932602239, "dr": 0.002132358540857513, "ac": 0.005407052014317264, "uz": 0.001675424567816617, "zi": 0.004873962379102886, "bl": 0.0006092452973878608, "us": 0.002589292513898408, "yn": 0.0009138679460817912, "cn": 0.0019800472165105477, "yt": 0.0017515802299900999, "iz": 0.001903891554337065, "ai": 0.0009900236082552739, "js": 0.001142334932602239, "od": 0.009367146447338359, "rn": 0.0015992689056431345, "az": 0.004569339730408956, "un": 0.0015992689056431345, "pa": 0.0014469575812961694, "ap": 0.001523113243469652, "rs": 0.0003046226486939304, "mb": 0.0004569339730408956, "bo": 0.0015992689056431345, "id": 0.0019800472165105477, "dv": 0.001142334932602239, "ah": 0.002284669865204478, "ep": 0.0010661792704287564, "on": 0.003731627446500647, "ln": 0.0027416038382453737, "oa": 0.0003046226486939304, "uc": 0.002893915162592339, "eo": 0.000761556621734826, "hv": 0.000380778310867413, "ib": 0.001523113243469652, "rv": 0.0006092452973878608, "hl": 0.002436981189551443, "pl": 0.0018277358921635824, "sa": 0.001903891554337065, "ud": 0.002132358540857513, "nt": 0.002513136851724926, "et": 0.005635519000837712, "ca": 0.0019800472165105477, "rl": 0.0003046226486939304, "tu": 0.0027416038382453737, "vr": 0.001142334932602239, "rh": 0.0003046226486939304, "ag": 0.000380778310867413, "gi": 0.0006092452973878608, "rc": 0.000380778310867413, "dd": 0.0002284669865204478, "yz": 0.0018277358921635824, "zo": 0.0017515802299900999, "mo": 0.004264717081715026, "mu": 0.002208514203030995, "uk": 0.0014469575812961694, "ik": 0.002513136851724926, "dy": 0.002589292513898408, "hy": 0.0008377122839083085, "yb": 0.0005330896352143782, "ba": 0.0009138679460817912, "zb": 0.0002284669865204478, "jv": 0.0002284669865204478, "ts": 0.0006854009595613434, "zv": 0.000761556621734826, "ok": 0.00380778310867413, "dh": 0.0009138679460817912, "ev": 0.002208514203030995, "du": 0.002513136851724926, "bi": 0.0008377122839083085, "vz": 0.0009900236082552739, "sn": 0.001294646256949204, "dp": 0.0004569339730408956, "ku": 0.0035031604599801997, "ht": 7.61556621734826e-05, "yd": 0.0005330896352143782, "rz": 0.0006854009595613434, "om": 0.003579316122153682, "my": 0.000761556621734826, "pt": 0.0004569339730408956, "ms": 0.000380778310867413, "yp": 0.0003046226486939304, "uv": 0.0010661792704287564, "vt": 0.0003046226486939304, "ip": 0.0009900236082552739, "jm": 0.0005330896352143782, "hn": 0.0008377122839083085, "eu": 0.000380778310867413, "uf": 0.0002284669865204478, "fa": 0.0006854009595613434, "ls": 0.0013708019191226869, "oj": 0.001903891554337065, "dk": 0.0008377122839083085, "tl": 0.0012184905947757215, "bk": 0.0002284669865204478, "op": 0.001294646256949204, "ck": 0.002893915162592339, "vd": 0.0003046226486939304, "tn": 0.0015992689056431345, "bj": 0.0009900236082552739, "lz": 0.0003046226486939304, "zy": 0.0005330896352143782, "ab": 0.000761556621734826, "ss": 0.0004569339730408956, "ct": 0.0005330896352143782, "dm": 0.0003046226486939304, "zt": 7.61556621734826e-05, "ns": 0.001142334932602239, "kv": 0.000380778310867413, "tk": 0.0005330896352143782, "eg": 0.0008377122839083085, "ge": 0.0010661792704287564, "nd": 0.000761556621734826, "ii": 0.0006854009595613434, "hu": 0.0013708019191226869, "vp": 0.0001523113243469652, "iu": 0.0002284669865204478, "mf": 0.0002284669865204478, "fu": 7.61556621734826e-05, "og": 0.0003046226486939304, "io": 0.0008377122839083085, "lk": 0.0005330896352143782, "ds": 0.000761556621734826, "fi": 0.0003046226486939304, "ig": 0.0003046226486939304, "gu": 0.0002284669865204478, "ur": 0.0017515802299900999, "zm": 0.0005330896352143782, "kg": 7.61556621734826e-05, "gb": 7.61556621734826e-05, "xa": 7.61556621734826e-05, "nf": 7.61556621734826e-05, "fo": 0.0006854009595613434, "rm": 0.000761556621734826,