{"a": 0.07783108674129921, "b": 0.018353514583809308, "c": 0.041352524560201054, "d": 0.04097174624933364, "e": 0.0941283984464245, "f": 0.002284669865204478, "g": 0.004493184068235474, "h": 0.023075165638565227, "i": 0.06061990709009215, "j": 0.022389764679003884, "k": 0.03899169903282309, "l": 0.050567359683192446, "m": 0.028939151625923386, "n": 0.0691493412535222, "o": 0.08163886984997334, "p": 0.03434620364024065, "q": 0.0, "r": 0.06061990709009215, "s": 0.05879217119792857, "t": 0.05879217119792857, "u": 0.026197547787678015, "v": 0.04896809077754931, "w": 0.0001523113243469652, "x": 0.0009900236082552739, "y": 0.02139974107074861, "z": 0.03495544893762851}