{"a": 0.09301981662230109, "b": 0.01767228630582668, "c": 0.0411860396332446, "d": 0.023144040224785566, "e": 0.10603371783496007, "f": 0.013457556935817806, "g": 0.01929902395740905, "h": 0.05996746524696835, "i": 0.09435078379177758, "j": 0.0027358769594794437, "k": 0.0074682046731736175, "l": 0.04310854776693286, "m": 0.023661638568470866, "n": 0.06728778467908902, "o": 0.08118899733806566, "p": 0.02085181898846495, "q": 0.0011091393078970719, "r": 0.06603076013013902, "s": 0.04806270334220645, "t": 0.09309375924282756, "u": 0.033865720201123925, "v": 0.014049097900029577, "w": 0.02040816326530612, "x": 0.0022182786157941437, "y": 0.005028098195800059, "z": 0.0017006802721088435}