{"by": 0.005787830325184678, "yl": 0.0047216510547559215, "lo": 0.007996344528215673, "ne": 0.007920188866042191, "eb": 0.0018277358921635824, "\u0159\u00ed": 0.002817759500418856, "\u00ed\u0161": 0.0002284669865204478, "\u0161i": 0.0004569339730408956, "da": 0.0031223821491127867, "al": 0.013708019191226868, "le": 0.010737948366461046, "ek": 0.003274693473459752, "ko": 0.0067778539334399516, "za": 0.0039600944330210955, "hr": 0.002665448176071891, "ra": 0.006397075622572538, "an": 0.004645495392582438, "ni": 0.005940141649531642, "ic": 0.004873962379102886, "ce": 0.0067778539334399516, "em": 0.008377122839083085, "mi": 0.006092452973878608, "ob": 0.004569339730408956, "y\u010d": 0.0001523113243469652, "\u010de": 0.0018277358921635824, "ej": 0.003427004797806717, "jn": 0.000761556621734826, "n\u00e9": 0.003579316122153682, "\u00e9h": 0.002208514203030995, "ho": 0.010052547406899703, "kd": 0.002208514203030995, "de": 0.0049501180412763685, "se": 0.0054832076764907475, "or": 0.005102429365623334, "ry": 0.0023608255273779607, "do": 0.0062447642982255734, "ot": 0.0035031604599801997, "t\u00fd": 0.0004569339730408956, "\u00fdk": 7.61556621734826e-05, "ka": 0.004493184068235474, "ly": 0.002436981189551443, "be": 0.002513136851724926, "\u0159e": 0.005102429365623334, "ky": 0.0019800472165105477, "zp": 0.001523113243469652, "p\u00ed": 7.61556621734826e-05, "\u00edv": 0.0002284669865204478, "va": 0.0067778539334399516, "es": 0.003655471784327165, "s\u016f": 0.0002284669865204478, "\u016fm": 0.0006854009595613434, "ex": 0.0019800472165105477, "xi": 0.0002284669865204478, "is": 0.0035031604599801997, "st": 0.020181250475972887, "to": 0.006549386946919504, "ov": 0.012261061609930698, "kr": 0.0049501180412763685, "r\u00e1": 0.005635519000837712, "\u00e1l": 0.003731627446500647, "vs": 0.001142334932602239, "tv": 0.003655471784327165, "v\u00ed": 0.004340872743888508, "pr": 0.007691721879521742, "ro": 0.011880283299063285, "os": 0.007844033203868707, "sl": 0.002817759500418856, "lu": 0.002589292513898408, "ul": 0.0012184905947757215, "l\u00e9": 0.001142334932602239, "sv": 0.00441702840606199, "vo": 0.0047216510547559215, "ou": 0.008453278501256569, "sp": 0.002817759500418856, "pe": 0.0027416038382453737, "er": 0.007463254893001294, "ri": 0.00411240575736806, "it": 0.005330896352143782, "m\u00ed": 0.002208514203030995, "\u00edr": 0.0010661792704287564, "re": 0.0018277358921635824, "zn": 0.0023608255273779607, "n\u00e1": 0.0039600944330210955, "\u00e1m": 0.0012184905947757215, "m\u00e9": 0.0006854009595613434, "ja": 0.002436981189551443, "ak": 0.0035031604599801997, "el": 0.006092452973878608, "ld": 0.001523113243469652, "ia": 0.000380778310867413, "vl": 0.0009138679460817912, "l\u00e1": 0.001675424567816617, "\u00e1d": 0.0010661792704287564, "dl": 0.0014469575812961694, "br": 0.001294646256949204, "ti": 0.005635519000837712, "iv": 0.003046226486939304, "v\u00fd": 0.003350849135633234, "vn": 0.002132358540857513, "na": 0.009976391744726221, "kt": 0.0057116746630111945, "te": 0.011880283299063285, "e\u0159": 0.0006092452973878608, "m\u011b": 0.0018277358921635824, "\u011bl": 0.001142334932602239, "li": 0.007767877541695225, "je": 0.009824080420379255, "ed": 0.004340872743888508, "dn": 0.002970070824765821, "nu": 0.00205620287868403, "il": 0.0039600944330210955, "no": 0.008148655852562638, "dc": 0.0015992689056431345, "ru": 0.003350849135633234, "in": 0.006549386946919504, "nc": 0.0018277358921635824, "ez": 0.004340872743888508, "so": 0.003579316122153682, "ol": 0.0041885614195415425, "la": 0.0072347879064808465, "as": 0.0018277358921635824, "sy": 0.001294646256949204, "p\u0159": 0.005940141649531642, "en": 0.011271038001675424, "zl": 0.0008377122839083085, "at": 0.0049501180412763685, "o\u010d": 0.000761556621734826, "\u010di": 0.0015992689056431345, "im": 0.0006092452973878608, "ma": 0.003427004797806717, "ir": 0.002665448176071891, "r\u00fd": 0.0015992689056431345, "\u00fdm": 0.0023608255273779607, "k\u0159": 0.0001523113243469652, "\u0159i": 0.002132358540857513, "i\u0161": 0.0004569339730408956, "\u0161\u0165": 7.61556621734826e-05, "\u0165\u00e1": 7.61556621734826e-05, "v\u00e1": 0.004264717081715026, "ze": 0.003579316122153682, "oz": 0.003274693473459752, "zk": 0.0015992689056431345, "kl": 0.001903891554337065, "po": 0.009214835122991394, "ji": 0.0027416038382453737, "ch": 0.014317264488614728, "bd": 0.000380778310867413, "di": 0.0019800472165105477, "\u00e1n": 0.004645495392582438, "\u00e1s": 0.0006092452973878608, "su": 0.0005330896352143782, "ta": 0.007920188866042191, "k\u00e9": 0.002208514203030995, "v\u016f": 0.000761556621734826, "\u016fj": 0.0003046226486939304, "ys": 0.0009138679460817912, "tr": 0.003046226486939304, "zu": 0.0005330896352143782, "um": 0.0017515802299900999, "sk": 0.003350849135633234, "av": 0.002893915162592339, "v\u00e9": 0.001523113243469652, "sr": 0.0012184905947757215, "rd": 0.0017515802299900999, "e\u010d": 0.002132358540857513, "\u010d\u00ed": 0.0010661792704287564, "\u00edm": 0.003655471784327165, "am": 0.0031223821491127867, "me": 0.002513136851724926, "\u00fdc": 0.003655471784327165, "zd": 0.0018277358921635824, "d\u00ed": 0.000761556621734826, "bu": 0.0009138679460817912, "uj": 0.002665448176071891, "n\u00fd": 0.00380778310867413, "aj": 0.002132358540857513, "nn": 0.0002284669865204478, "\u00fat": 7.61556621734826e-05, "ar": 0.002132358540857513, "r\u016f": 0.0010661792704287564, "ie": 0.001903891554337065, "\u00edh": 0.0006854009595613434, "ha": 0.001523113243469652, "m\u00e1": 0.0006854009595613434, "mn": 0.0018277358921635824, "oh": 0.0023608255273779607, "h\u00e9": 7.61556621734826e-05, "j\u00ed": 0.00380778310867413, "yv": 0.0006854009595613434, "dr": 0.0018277358921635824, "ac": 0.003046226486939304, "ci": 0.003427004797806717, "u\u017e": 0.000761556621734826, "\u017ei": 0.002513136851724926, "bl": 0.0006092452973878608, "o\u0159": 0.000380778310867413, "n\u00ed": 0.010357170055593633, "ty": 0.001142334932602239, "z\u016f": 0.0004569339730408956, "\u016fs": 0.0006092452973878608, "t\u00e1": 0.0019800472165105477, "\u00e1v": 0.003198537811286269, "yn": 0.000761556621734826, "n\u011b": 0.002665448176071891, "\u011bn": 0.0017515802299900999, "\u010dn": 0.0015992689056431345, "yt": 0.001294646256949204, "t\u00ed": 0.0031223821491127867, "\u00ed\u0159": 0.0004569339730408956, "zi": 0.0013708019191226869, "i\u017e": 0.0004569339730408956, "si": 0.002284669865204478, "ai": 0.0009900236082552739, "js": 0.0006854009595613434, "\u011bj": 0.0019800472165105477, "j\u0161": 0.0004569339730408956, "\u0161\u00ed": 0.0015992689056431345, "od": 0.009367146447338359, "d\u011b": 0.003046226486939304, "z\u00e1": 0.002284669865204478, "\u00e1\u0159": 0.0006854009595613434, "\u00edc": 0.002970070824765821, "c\u00ed": 0.002817759500418856, "rn": 0.0013708019191226869, "r\u00e9": 0.001903891554337065, "\u00e1\u017e": 0.0009900236082552739, "\u017ee": 0.002513136851724926, "un": 0.0014469575812961694, "pa": 0.0012184905947757215, "ap": 0.001142334932602239, "rs": 0.0002284669865204478, "ym": 0.000761556621734826, "mb": 0.0004569339730408956, "bo": 0.0015992689056431345, "ad": 0.003274693473459752, "s\u00ed": 0.0006854009595613434, "\u00edl": 0.0010661792704287564, "id": 0.001523113243469652, "eh": 0.002817759500418856, "dv": 0.001142334932602239, "ah": 0.001675424567816617, "ep": 0.0010661792704287564, "on": 0.0035031604599801997, "ln": 0.0027416038382453737, "oa": 0.0002284669865204478, "\u016f\u010d": 0.0001523113243469652, "eo": 0.000761556621734826, "oc": 0.002665448176071891, "hv": 0.000380778310867413, "v\u011b": 0.005787830325184678, "\u00edb": 0.0009900236082552739, "b\u011b": 0.001294646256949204, "\u011bh": 0.0009900236082552739, "a\u010d": 0.0010661792704287564, "\u00edn": 0.001903891554337065, "rv": 0.0006092452973878608, "hl": 0.002436981189551443, "d\u00e1": 0.0018277358921635824, "b\u00fd": 0.000380778310867413, "\u00fdt": 0.0004569339730408956, "e\u017e": 0.000761556621734826, "\u00e9k": 0.0001523113243469652,