{"a": 0.05528901073794837, "\u00e1": 0.02254207600335085, "b": 0.018353514583809308, "c": 0.032975401721117965, "\u010d": 0.008377122839083085, "d": 0.04097174624933364, "\u010f": 0.0, "e": 0.07333790267306374, "\u00e9": 0.0054832076764907475, "\u011b": 0.015307288096870002, "f": 0.002284669865204478, "g": 0.004493184068235474, "h": 0.023075165638565227, "i": 0.043256416114538114, "\u00ed": 0.017363490975554032, "j": 0.022389764679003884, "k": 0.03899169903282309, "l": 0.050567359683192446, "m": 0.028939151625923386, "n": 0.06876856294265479, "\u0148": 0.000380778310867413, "o": 0.0814104028634529, "\u00f3": 0.0002284669865204478, "p": 0.03434620364024065, "q": 0.0, "r": 0.049577336074937174, "\u0159": 0.011042571015154977, "s": 0.05239509557535603, "\u0161": 0.006397075622572538, "t": 0.0586398598735816, "\u0165": 0.0001523113243469652, "u": 0.020866651435534234, "\u00fa": 0.0018277358921635824, "\u016f": 0.0035031604599801997, "v": 0.04896809077754931, "w": 0.0001523113243469652, "x": 0.0009900236082552739, "y": 0.012717995582971594, "\u00fd": 0.008681745487777016, "z": 0.025588302490290152, "\u017e": 0.009367146447338359}